.notdef	.notdef
space	space
uni05D0	heAlef
uni05D1	heBet
uni05D2	heGimel
uni05D3	heDalet
uni05D4	heHe
uni05D5	heVav
uni05D6	heZayin
uni05D7	heHet
uni05D8	heTet
uni05D9	heYod
uni05DB	heKaf
uni05DA	heKafFin
uni05DC	heLamed
uni05DE	heMem
uni05DD	heMemFin
uni05E0	heNun
uni05DF	heNunFin
uni05E1	heSamekh
uni05E2	heAyin
uni05E4	hePe
uni05E3	hePeFin
uni05E6	heTsadi
uni05E5	heTsadiFin
uni05E7	heQof
uni05E8	heResh
uni05E9	heShin
uni05EA	heTav
uni05F0	heVavdbl
uni05F1	heVavYod
uni05F2	heYoddbl
uni05D0.j	heAlefWide	uniFB21
uni05D3.j	heDaletWide	uniFB22
uni05D4.j	heHeWide	uniFB23
uni05DB.j	heKafWide	uniFB24
uni05DC.j	heLamedWide	uniFB25
uni05DD.j	heMemFinWide	uniFB26
uni05E8.j	heReshWide	uniFB27
uni05EA.j	heTavWide	uniFB28
u05D005B7	heAlefPatah	uniFB2E
u05D005B8	heAlefQamats	uniFB2F
u05D005BC	heAlefMapiq	uniFB30
u05D105BC	heBetDagesh	uniFB31
u05D205BC	heGimelDagesh	uniFB32
u05D305BC	heDaletDagesh	uniFB33
u05D405BC	heHeMapiq	uniFB34
u05D505BC	heVavDagesh	uniFB35
u05D505B9	heVavHolam	uniFB4B
u05D605BC	heZayinDagesh	uniFB36
u05D805BC	heTetDagesh	uniFB38
u05D905BC	heYodDagesh	uniFB39
u05DA05BC	heKafDageshFin	uniFB3A
u05DB05BC	heKafDagesh	uniFB3B
u05DC05BC	heLamedDagesh	uniFB3C
u05DE05BC	heMemDagesh	uniFB3E
u05E005BC	heNunDagesh	uniFB40
u05E105BC	heSamekhDagesh	uniFB41
u05E305BC	hePeDageshFin	uniFB43
u05E405BC	hePeDagesh	uniFB44
u05E605BC	heTsadiDagesh	uniFB46
u05E705BC	heQofDagesh	uniFB47
u05E805BC	heReshDagesh	uniFB48
u05E905C1	heShinDotted	uniFB2A
u05E905C2	heSinDotted	uniFB2B
u05E905BC	heShinDagesh	uniFB49
u05E905C105BC	heShinDageshDotted	uniFB2C
u05E905C205BC	heSinDageshDotted	uniFB2D
u05EA05BC	heTavDagesh	uniFB4A
u05D105BF	heBetRafe	uniFB4C
u05DB05BF	heKafRafe	uniFB4D
u05E405BF	hePeRafe	uniFB4E
u05D905B4	heYodHiriq	uniFB1D
u05F205B7	heYodDblYidPatah	uniFB1F
u05D005DC	heAlefLamed	uniFB4F
uni05B0	heSheva
uni05B1	heHatafSegol
uni05B2	heHatafPatah
uni05B3	heHatafQamats
uni05B4	heHiriq
uni05B5	heTsere
uni05B6	heSegol
uni05B7	hePatah
uni05B8	heQamats
uni05BB	heQubuts
uni05BD	heMeteg
uni05C7	heQamatsQatan
uni05BC	heDagesh
uni05B9	heHolam
uni05BA	heHolamHaser
uni05C1	heShinDot
uni05C2	heSinDot
uni05BF	heRafe
uniFB1E	heVarikaJud
u05B005C7	heHatafQamatsQatan
uni05F3	heGeresh
uni05F4	heGershayim
uni05BE	heMaqaf
uni05C0	hePaseq
uni05C3	heSofPasuq
uni05B7.s	hePatah.short
uni05B8.s	heQamats.short
uni05C7.s	heQamatsQatan.short
uni05BC.s	heDagesh.shin
uni05B0.k	heSheva.kaf
uni05B8.k	heQamats.kaf
ampersand.he	ampersand.he
zero.h	zero.he
one.h	one.he
two.h	two.he
three.h	three.he
four.h	four.he
five.h	five.he
six.h	six.he
seven.h	seven.he
eight.h	eight.he
nine.h	nine.he
zero.q	zero.ph
one.q	one.ph
two.q	two.ph
three.q	three.ph
four.q	four.ph
five.q	five.ph
six.q	six.ph
seven.q	seven.ph
eight.q	eight.ph
nine.q	nine.ph
numbersign.h	numbersign.he
uni20AA.h	newsheqel.he
dollar.h	dollar.he
sterling.h	sterling.he
yen.h	yen.he
Euro.h	Euro.he
cent.e	cent.he
uni0192.h	florin.he
one.supsheb	one.supsheb
two.supsheb	two.supsheb
three.supsheb	three.supsheb
onequarter.h	onequarter.he
onehalf.h	onehalf.he
threequarters.h	threequarters.he
percent.h	percent.he
perthousand.h	perthousand.he
u10900	pnAlf
u10901	pnBet
u10902	pnGaml
u10903	pnDelt
u10904	pnHe
u10905	pnWau
u10906	pnZai
u10907	pnHet
u10908	pnTet
u10909	pnYod
u1090A	pnKaf
u1090B	pnLamd
u1090C	pnMem
u1090D	pnNun
u1090E	pnSemk
u1090F	pnAin
u10910	pnPe
u10911	pnSade
u10912	pnQof
u10913	pnRosh
u10914	pnShin
u10915	pnTau
u10916	pnOne
u10917	pnTen
u10918	pnTwenty
u10919	pnHundred
u1091A	pnTwo
u1091B	pnThree
u1091F	pnHyphen
A	A
B	B
C	C
D	D
E	E
F	F
G	G
H	H
I	I
J	J
K	K
L	L
M	M
N	N
O	O
P	P
Q	Q
R	R
S	S
T	T
U	U
V	V
W	W
X	X
Y	Y
Z	Z
Agrave	Agrave
Aacute	Aacute
Acircumflex	Acircumflex
Atilde	Atilde
Adieresis	Adieresis
Aring	Aring
AE	AE
Ccedilla	Ccedilla
Egrave	Egrave
Eacute	Eacute
Ecircumflex	Ecircumflex
Edieresis	Edieresis
Igrave	Igrave
Iacute	Iacute
Icircumflex	Icircumflex
Idieresis	Idieresis
Lslash	Lslash
Ntilde	Ntilde
Ograve	Ograve
Oacute	Oacute
Ocircumflex	Ocircumflex
Otilde	Otilde
Odieresis	Odieresis
Oslash	Oslash
OE	OE
Scaron	Scaron
Ugrave	Ugrave
Uacute	Uacute
Ucircumflex	Ucircumflex
Udieresis	Udieresis
Yacute	Yacute
Ydieresis	Ydieresis
Zcaron	Zcaron
Eth	Eth
Thorn	Thorn
Abreve	Abreve
Amacron	Amacron
uni1EA0	Adotbelow
uni1E06	Blinebelow
Ccaron	Ccaron
uni1E0C	Ddotbelow
uni1E0E	Dlinebelow
Ebreve	Ebreve
Emacron	Emacron
Eogonek	Eogonek
uni1EB8	Edotbelow
Gdotaccent	Gdotaccent
Gcaron	Gcaron
uni1E20	Gmacron
Hbar	Hbar
uni1E24	Hdotbelow
uni1E2A	Hbrevebelow
Imacron	Imacron
uni1E32	Kdotbelow
uni1E34	Klinebelow
Obreve	Obreve
Omacron	Omacron
uni1ECC	Odotbelow
Sacute	Sacute
uni1E62	Sdotbelow
uni1E6C	Tdotbelow
uni1E6E	Tlinebelow
Umacron	Umacron
uni1E7E	Vdotbelow
uni1E92	Zdotbelow
uni1E94	Zlinebelow
uni018F	Schwa
a	a
b	b
c	c
d	d
e	e
f	f
g	g
h	h
i	i
j	j
k	k
l	l
m	m
n	n
o	o
p	p
q	q
r	r
s	s
t	t
u	u
v	v
w	w
x	x
y	y
z	z
agrave	agrave
aacute	aacute
acircumflex	acircumflex
atilde	atilde
adieresis	adieresis
aring	aring
ae	ae
ccedilla	ccedilla
egrave	egrave
eacute	eacute
ecircumflex	ecircumflex
edieresis	edieresis
igrave	igrave
iacute	iacute
icircumflex	icircumflex
idieresis	idieresis
dotlessi	dotlessi
lslash	lslash
ntilde	ntilde
ograve	ograve
oacute	oacute
ocircumflex	ocircumflex
otilde	otilde
odieresis	odieresis
oslash	oslash
oe	oe
scaron	scaron
germandbls	germandbls
ugrave	ugrave
uacute	uacute
ucircumflex	ucircumflex
udieresis	udieresis
yacute	yacute
ydieresis	ydieresis
zcaron	zcaron
eth	eth
thorn	thorn
abreve	abreve
amacron	amacron
uni1EA1	adotbelow
uni1E07	blinebelow
ccaron	ccaron
uni1E0D	ddotbelow
uni1E0F	dlinebelow
ebreve	ebreve
emacron	emacron
eogonek	eogonek
uni1EB9	edotbelow
gdotaccent	gdotaccent
gcaron	gcaron
uni1E21	gmacron
hbar	hbar
uni1E25	hdotbelow
uni1E2B	hbrevebelow
uni1E96	hlinebelow
imacron	imacron
uni1E33	kdotbelow
uni1E35	klinebelow
obreve	obreve
omacron	omacron
uni1ECD	odotbelow
sacute	sacute
uni1E63	sdotbelow
uni1E6D	tdotbelow
uni1E6F	tlinebelow
umacron	umacron
uni1E7F	vdotbelow
uni1E93	zdotbelow
uni1E95	zlinebelow
uni0250	aturned
uni0251	alphalatin
uni0254	oopen
uni0259	schwa
uni025B	eopen
uni0261	gscript
uni0263	gammalatin
uni026A	ismall
uni026B	lmiddletilde
uni0280	rsmall
uni0281	rsmallinverted
uni0283	esh
uni028A	upsilonlatin
uni028E	yturned
uni0292	ezh
uni0294	glottalstop
uni0295	glottalstopreversed
uni02A4	dezh
uni02A6	ts
uni02A7	tesh
theta	theta
chi	chi
a.sups	a.sups
e.sups	e.sups
j.sups	j.sups	uni02B2
o.sups	o.sups
eogonek.sups	eogonek.sups
uni02B9	primemod
uni02BE	ringhalfrightmod
uni02BF	ringhalfleftmod
uni02C8	verticallinemod
uni02D0	colontriangularmod
uni02E4	glottalstopreversedsupmod
f_i	fi	uniFB01
f_l	fl	uniFB02
ampersand	ampersand
zero	zero
one	one
two	two
three	three
four	four
five	five
six	six
seven	seven
eight	eight
nine	nine
period	period
comma	comma
colon	colon
semicolon	semicolon
ellipsis	ellipsis
exclam	exclam
exclamdown	exclamdown
question	question
questiondown	questiondown
quotesingle	quotesingle
quotedbl	quotedbl
quoteleft	quoteleft
quoteright	quoteright
quotedblleft	quotedblleft
quotedblright	quotedblright
quotesinglbase	quotesinglbase
quotedblbase	quotedblbase
guilsinglleft	guilsinglleft
guilsinglright	guilsinglright
guillemotleft	guillemotleft
guillemotright	guillemotright
hyphen	hyphen
uni00AD	sfthyphen
uni2010	hyphentwo
endash	endash
emdash	emdash
periodcentered	periodcentered
bullet	bullet
parenleft	parenleft
parenright	parenright
bracketleft	bracketleft
bracketright	bracketright
braceleft	braceleft
braceright	braceright
asterisk	asterisk
dagger	dagger
daggerdbl	daggerdbl
section	section
paragraph	paragraph
copyright	copyright
trademark	trademark
registered	registered
at	at
numbersign	numbersign
onequarter	onequarter
onehalf	onehalf
threequarters	threequarters
percent	percent
perthousand	perthousand
one.sups	one.sups	uni00B9
two.sups	two.sups	uni00B2
three.sups	three.sups	uni00B3
ordfeminine	ordfeminine
ordmasculine	ordmasculine
degree	degree
currency	currency
uni20AA	newsheqel
dollar	dollar
sterling	sterling
yen	yen
Euro	Euro
cent	cent
uni0192	florin
fraction	fraction
uni2215	divisionslash
asciicircum	asciicircum
slash	slash
bar	bar
backslash	backslash
asciitilde	asciitilde
brokenbar	brokenbar
underscore	underscore
plus	plus
minus	minus
multiply	multiply
divide	divide
less	less
greater	greater
equal	equal
uni2219	bulletoperator
plusminus	plusminus
lessequal	lessequal
greaterequal	greaterequal
approxequal	approxequal
notequal	notequal
logicalnot	logicalnot
pi	pi
uni00B5	mu.math
partialdiff	partialdiff
integral	integral
radical	radical
uni2206	Delta.math
uni2126	Omega.math
summation	summation
product	product
estimated	estimated
uni2113	litre
infinity	infinity
lozenge	lozenge
grave	grave
acute	acute
circumflex	circumflex
caron	caron
tilde	tilde
dieresis	dieresis
macron	macron
breve	breve
ring	ring
hungarumlaut	hungarumlaut
dotaccent	dotaccent
cedilla	cedilla
ogonek	ogonek
gravecomb	gravecmb
acutecomb	acutecmb
uni0302	circumflexcmb
uni030C	caroncmb
tildecomb	tildecmb
uni0308	dieresiscmb
uni0304	macroncmb
uni0306	brevecmb
uni030A	ringcmb
uni030B	hungarumlautcmb
uni0307	dotaccentcmb
uni0327	cedillacmb
dotbelowcomb	dotbelowcmb
uni031E	downtackbelowcmb
uni032E	brevebelowcmb
uni0331	macronbelowcmb
uni0361	breveinverteddoublecmb
uni200C	ZWNJ
uni200D	ZWJ
uni200E	lefttorightmark
uni200F	righttoleftmark
uni202A	lefttorightembed
uni202B	righttoleftembed
uni202C	popdirectionformat
uni202D	lefttorightoverride
uni202E	righttoleftoverride
uni25CC	circledotted
uni00A0	nbspace
ampersand.lat	ampersand.lat
zero.lat	zero.lat
one.lat	one.lat
two.lat	two.lat
three.lat	three.lat
four.lat	four.lat
five.lat	five.lat
six.lat	six.lat
seven.lat	seven.lat
eight.lat	eight.lat
nine.lat	nine.lat
zero.slash	zero.slash
zero.pnumlat	zero.pnumlat
one.pnumlat	one.pnumlat
two.pnumlat	two.pnumlat
three.pnumlat	three.pnumlat
four.pnumlat	four.pnumlat
five.pnumlat	five.pnumlat
six.pnumlat	six.pnumlat
seven.pnumlat	seven.pnumlat
eight.pnumlat	eight.pnumlat
nine.pnumlat	nine.pnumlat
zero.slashpnum	zero.slashpnum
exclam.lat	exclam.lat
exclamdown.lat	exclamdown.lat
question.lat	question.lat
questiondown.lat	questiondown.lat
quotesingle.lat	quotesingle.lat
quotedbl.lat	quotedbl.lat
quoteleft.lat	quoteleft.lat
quoteright.lat	quoteright.lat
quotedblleft.lat	quotedblleft.lat
quotedblright.lat	quotedblright.lat
quotesinglbase.lat	quotesinglbase.lat
quotedblbase.lat	quotedblbase.lat
guilsinglleft.lat	guilsinglleft.lat
guilsinglright.lat	guilsinglright.lat
guillemotleft.lat	guillemotleft.lat
guillemotright.lat	guillemotright.lat
hyphentwo.lat	hyphentwo.lat
endash.lat	endash.lat
emdash.lat	emdash.lat
periodcentered.lat	periodcentered.lat
bullet.lat	bullet.lat
parenleft.lat	parenleft.lat
parenright.lat	parenright.lat
bracketleft.lat	bracketleft.lat
bracketright.lat	bracketright.lat
braceleft.lat	braceleft.lat
braceright.lat	braceright.lat
asterisk.lat	asterisk.lat
dagger.lat	dagger.lat
daggerdbl.lat	daggerdbl.lat
section.lat	section.lat
paragraph.lat	paragraph.lat
at.lat	at.lat
numbersign.lat	numbersign.lat
copyright.lat	copyright.lat
trademark.lat	trademark.lat
registered.lat	registered.lat
uni20AA.lat	newsheqel.lat
dollar.lat	dollar.lat
sterling.lat	sterling.lat
yen.lat	yen.lat
Euro.lat	Euro.lat
cent.lat	cent.lat
uni0192.lat	florin.lat
degree.lat	degree.lat
one.supslat	one.supslat
two.supslat	two.supslat
three.supslat	three.supslat
fraction.lat	fraction.lat
uni2215.lat	divisionslash.lat
onehalf.lat	onehalf.lat
onequarter.lat	onequarter.lat
threequarters.lat	threequarters.lat
percent.lat	percent.lat
perthousand.lat	perthousand.lat
asciicircum.lat	asciicircum.lat
slash.lat	slash.lat
backslash.lat	backslash.lat
gravecomb.cap	gravecmb.cap
acutecomb.cap	acutecmb.cap
uni0302.cap	circumflexcmb.cap
uni030C.cap	caroncmb.cap
tildecomb.cap	tildecmb.cap
uni0308.cap	dieresiscmb.cap
uni0304.cap	macroncmb.cap
uni0306.cap	brevecmb.cap
uni030A.cap	ringcmb.cap
uni030B.cap	hungarumlautcmb.cap
uni0307.cap	dotaccentcmb.cap
zero.d	zero.dnom
one.d	one.dnom
two.d	two.dnom
three.d	three.dnom
four.d	four.dnom
uni0327.c	cedillacmb.cap
uni0328	ogonekcmb
uni0334	tildeoverlaycmb
uni05D1.a	heBet.a
uni05D8.a	heTet.a
uni05DD.a	heMemFin.a
uni05E1.a	heSamekh.a
uni05E2.a	heAyin.a
uni05E6.a	heTsadi.a
uni05E9.a	heShin.a
